{"cameraMode":{"drawMode":0,"name":"Shaded","section":"Shading Mode"},"sceneLighting":true,"audioPlay":false,"sceneViewState":{"showFog":true,"showMaterialUpdate":false,"showSkybox":true,"showFlares":false,"showImageEffects":false,"showParticleSystems":false},"in2DMode":false,"pivot":{"x":204.278564453125,"y":208.0528564453125,"z":277.345703125},"rotation":{"x":0.14093117415905,"y":0.18651710450649262,"z":-0.027045641094446183,"w":0.9719147086143494},"size":459.03515625,"orthographic":false}